location_id,sample_depth_min,sample_depth_max,SOCc,BD
Boon1_7,0,15,1.046,1.1505324303335462
Boon1_7,15,25,0.632,1.4275526375163363
Boon1_7,25,27.5,0.371,1.5218593992492555
Boon1_7,27.5,30,0.344,1.5878620384033182
Boon1_7,30,32.5,0.288,1.5524699364221626
Boon1_7,32.5,35,0.267,1.5892833174908236
Boon1_7,35,45,0.28,1.3939657265783625
Boon1_7,45,55,0.226,1.4564188257558026
Boon1_7,55,57.5,0.195,1.5908278189860763
Boon1_8,0,15,1.041,1.057212659770003
Boon1_8,15,25,0.533,1.3747029074570518
Boon1_8,25,27.5,0.369,1.6267712251415203
Boon1_8,27.5,30,0.332,1.5915961487748043
Boon1_8,30,32.5,0.337,1.5270544112803364
Boon1_8,32.5,35,0.329,1.4872301109718213
Boon1_8,35,45,0.307,1.3918139233289488
Boon1_8,45,55,0.232,1.4485592765392328
Boon1_8,55,57.5,0.207,1.5995273106772447
Boon1_8,57.5,60,0.204,1.430586890517919
Boon1_8,60,62.5,0.346,1.5346787948821798
Boon1_8,62.5,65,0.265,1.3996876626336392
Boon1_9,0,15,0.943,1.0507734731885883
Boon1_9,15,25,0.541,1.383412448361748
Boon1_9,25,27.5,0.3,1.7188157270863567
Boon1_9,27.5,30,0.328,1.427858507744171
Boon1_9,30,32.5,0.283,1.6039001576976206
Boon1_9,32.5,35,0.261,1.5414652596924494
Boon1_9,35,45,0.253,1.433891242777765
Boon1_10,0,15,1.042,0.980270440230195
Boon1_10,15,25,0.719,1.4022435451787199
Boon1_10,25,27.5,1.019,1.4224629278093888
Boon1_10,27.5,30,0.337,1.5711371518023634
Boon1_10,30,32.5,0.336,1.4635328845466573
Boon1_10,32.5,35,0.325,1.587351980426617
Boon1_10,35,45,0.306,1.4363011526944118
Boon1_11,15,25,0.799,1.3761513306616522
Boon1_11,25,27.5,0.54,1.3734589301124225
Boon1_11,27.5,30,0.497,1.530068597824953
Boon1_11,30,32.5,0.502,1.4047067890495009
Boon1_11,32.5,35,0.459,1.433581865677906
Boon1_11,35,45,0.422,1.404921304928403
Boon1_11,45,55,0.356,1.4261067786541006
Boon1_11,55,57.5,0.323,1.3613666619843936
Boon1_11,57.5,60,0.299,1.4856607581527332
Boon1_11,60,62.5,0.321,1.3542801129046274
Boon1_11,62.5,65,0.277,1.470922905725919
Boon1_11,65,75,0.302,1.3281722865420913
Boon1_12,0,15,1.251,1.1322762106905304
Boon1_12,15,25,1.023,1.3837367318830573
Boon1_12,25,27.5,1.213,1.3350826383412635
Boon1_12,27.5,30,1.341,1.1503410145191673
Boon1_12,30,32.5,1.268,1.2148551122673308
Boon1_12,32.5,35,0.934,1.3787626309145133
Boon1_12,35,45,0.703,1.2868952442480086
Boon1_12,45,55,0.478,1.2068546275780834
Boon1_12,55,57.5,0.462,1.5225166897518525
Boon1_12,57.5,60,0.443,1.3912836971212432
Boon1_12,60,62.5,0.442,1.3631740460730353
Boon1_12,62.5,65,0.411,1.4350087893160566
Boon1_12,65,75,0.339,1.2830394432112007
Boon2_7,0,15,1.069,1.0121585901212882
Boon2_7,15,25,0.712,1.222994669423308
Boon2_7,25,27.5,0.991,1.527564562677441
Boon2_7,27.5,30,0.905,1.567199493633789
Boon2_7,30,32.5,0.751,1.352782655744174
Boon2_7,32.5,35,0.655,1.3070136635327048
Boon2_7,35,45,0.575,1.2615305276935616
Boon2_7,45,55,0.488,1.2259745789631957
Boon2_7,55,57.5,0.445,1.3010529491116674
Boon2_7,57.5,60,0.452,1.1090298697811432
Boon2_7,60,62.5,0.426,1.1490943046897901
Boon2_7,62.5,65,0.481,1.2484908858468202
Boon2_7,65,75,0.381,1.2828882218177402
Boon2_8,0,15,1.135,0.9929896580658011
Boon2_8,15,25,0.646,1.4063702800088567
Boon2_8,25,27.5,0.561,1.626418279427559
Boon2_8,27.5,30,0.527,1.6372410970644753
Boon2_8,30,32.5,0.354,1.617978574170884
Boon2_8,32.5,35,0.249,1.6230466310821763
Boon2_8,35,45,0.275,1.445640193106565
Boon2_8,45,55,0.236,1.4126336756470752
Boon2_8,55,57.5,0.213,1.5837982886752346
Boon2_8,57.5,60,0.236,1.5417554743969872
Boon2_8,60,62.5,0.298,1.4077824408154873
Boon2_8,62.5,65,0.421,1.2578445614004132
Boon2_8,65,75,0.228,1.3619321701519305
Boon2_9,15,25,0.31,1.4681485068657736
Boon2_9,25,27.5,0.319,1.4108379390846637
Boon2_9,27.5,30,0.278,1.5176184659297587
Boon2_9,30,32.5,0.247,1.3604712257184282
Boon2_9,32.5,35,0.239,1.6683363448252049
Boon2_9,35,45,0.221,1.4202893243058115
Boon2_9,45,55,0.229,1.4280442191254599
Boon2_9,55,57.5,0.222,1.6202188442590826
Boon2_9,57.5,60,0.234,1.515525561303976
Boon2_9,60,62.5,0.253,1.279217792347805
Boon2_9,62.5,65,0.261,1.4536930923938705
Boon2_9,65,75,0.252,1.3587055971524324
Boon2_10,32.5,35,0.411,1.4209795921045767
Boon2_10,35,45,0.4,1.3005010205861693
Boon2_10,45,55,0.376,1.2663911420303116
Boon2_10,62.5,65,0.293,1.4683523629853759
Boon2_11,0,15,0.979,0.904118332772947
Boon2_11,15,25,0.504,1.3410466136348085
Boon2_11,25,27.5,0.296,1.5562433953433918
Boon2_11,27.5,30,0.301,1.27834653867831
Boon2_11,30,32.5,0.27,1.402802121212294
Boon2_11,32.5,35,0.282,1.3644967663867997
Boon2_11,35,45,0.284,1.3822078611068376
Boon2_12,0,15,0.671,1.2544914064693167
Boon2_12,15,25,0.616,1.3647364608810049
Boon2_12,25,27.5,0.311,1.591738877718119
Boon2_12,27.5,30,0.417,1.3300717532840614
Boon2_12,30,32.5,0.276,1.612060789452883
Boon2_12,32.5,35,0.251,1.481917688677979
Boon2_12,35,45,0.278,1.395231729206626
Boon2_12,45,55,0.239,1.3609541562301646
Boon2_12,55,57.5,0.221,1.5325695632637997
Boon2_12,57.5,60,0.228,1.545281836539123
Boon2_12,60,62.5,0.237,1.3539176657252194
Boon2_12,62.5,65,0.277,1.3363511356145896
Craw3_1,0,15,1.28,1.268625151967833
Craw3_1,15,25,1.011,1.2277333465285745
Craw3_1,25,27.5,0.789,1.3768985757332346
Craw3_1,27.5,30,0.462,1.4314470822246501
Craw3_1,30,32.5,0.472,1.2466642794001768
Craw3_1,32.5,35,0.625,1.1067279603481186
Craw3_2,0,15,1.727,1.2575101589051514
Craw3_2,15,25,1.135,1.3309326812309308
Craw3_2,25,27.5,0.696,1.4171838755502097
Craw3_2,27.5,30,0.614,1.3246573043340562
Craw3_2,30,32.5,0.709,1.2118030676376759
Craw3_2,32.5,35,0.633,1.3420450107491846
Craw3_3,0,15,1.424,1.1132272129870024
Craw3_3,15,25,0.918,1.3830069876188489
Craw3_3,25,27.5,0.854,1.4948535854570963
Craw3_3,27.5,30,0.845,1.4327301914815378
Craw3_3,30,32.5,0.766,1.3456686657496062
Craw3_3,32.5,35,0.76,1.355795780140093
Craw3_4,0,15,0.899,1.22479006033179
Craw3_4,15,25,0.629,1.3174697414647016
Craw3_4,25,27.5,0.648,1.36779280211499
Craw3_4,27.5,30,0.449,1.134978088098233
Craw3_4,30,32.5,0.415,1.2872216255751265
Craw3_4,32.5,35,0.375,1.2326703698675163
Craw3_5,0,15,1.256,1.0563484500584959
Craw3_5,15,25,0.676,1.278371566941297
Craw3_5,25,27.5,0.419,1.3343652442213045
Craw3_5,27.5,30,0.455,1.2515535401409932
Craw3_5,30,32.5,0.544,1.0998967491495084
Craw3_5,32.5,35,0.625,1.3095723151258134
Craw3_6,0,15,1.223,1.2160917117539085
Craw3_6,15,25,0.711,1.380067652613266
Craw3_6,25,27.5,0.655,1.474036291605404
Craw3_6,27.5,30,0.633,1.4408935439107957
Craw3_6,30,32.5,0.608,1.326654078813444
Craw3_6,32.5,35,0.608,1.45726308660847
Craw3_7,0,15,1.116,1.3974373194911653
Craw3_7,15,25,0.419,1.2330816297924945
Craw3_7,25,27.5,0.38,1.3230480605554282
Craw3_7,27.5,30,0.341,1.430573557657758
Craw3_7,30,32.5,0.371,1.2071941342499901
Craw3_7,32.5,35,0.335,1.1947999485371792
Craw3_8,0,15,1.405,1.0751813856754362
Craw3_8,15,25,1.083,1.2922106520649337
Craw3_8,25,27.5,1.071,1.4041995950051616
Craw3_8,27.5,30,1.165,1.366387358046679
Craw3_8,30,32.5,1.09,1.1230943152984225
Craw3_8,32.5,35,1.23,1.3223919418255494
Craw3_9,0,15,0.835,1.1151693219273002
Craw3_9,15,25,0.483,1.3420063526531743
Craw3_9,25,27.5,0.392,1.198942184052122
Craw3_9,27.5,30,0.382,1.4843532042267236
Craw3_9,30,32.5,0.364,1.3188708868017007
Craw3_9,32.5,35,0.332,1.344751248493277
Craw3_10,0,15,1.417,1.1012418116625189
Craw3_10,15,25,1.122,1.2719648702848547
Craw3_10,25,27.5,0.853,1.3358278601706837
Craw3_10,27.5,30,0.966,1.1922506228038796
Craw3_10,30,32.5,0.894,1.2466160675906015
Craw3_10,32.5,35,0.877,1.3246897203358137
Craw3_1,35,45,0.668,1.2005223328684989
Craw3_1,45,55,0.597,1.2473580661420478
Craw3_1,55,57.5,0.511,1.2197220509578774
Craw3_1,57.5,60,0.524,1.1140750006935725
Craw3_1,60,62.5,0.486,1.2333184067905045
Craw3_1,62.5,65,0.457,1.1988288433675427
Craw3_1,65,75,0.397,1.3350600598204438
Craw3_2,35,45,0.626,1.2247810544767246
Craw3_2,45,55,0.536,1.29411877770089
Craw3_2,55,57.5,0.452,1.2953415065292628
Craw3_2,57.5,60,0.434,1.334657683771921
Craw3_2,60,62.5,0.464,1.1826036759137106
Craw3_2,62.5,65,0.464,1.3423160200881967
Craw3_2,65,75,0.472,1.3257084235649053
Craw3_3,35,45,0.743,1.33928839523682
Craw3_3,45,55,0.836,1.3128306562190402
Craw3_3,55,57.5,0.841,1.3424140109680847
Craw3_3,57.5,60,0.847,1.2026732382287082
Craw3_3,60,62.5,0.723,1.4306599792853893
Craw3_3,62.5,65,0.688,1.3551242833054895
Craw3_3,65,75,0.556,1.3147320802767521
Craw3_4,35,45,0.374,1.300724682676057
Craw3_4,45,55,0.385,1.2828616903728225
Craw3_4,55,57.5,0.28,1.3635489661986901
Craw3_4,57.5,60,0.281,1.4824424646038425
Craw3_4,60,62.5,0.269,1.3589626031925792
Craw3_4,62.5,65,0.275,1.3017542658372259
Craw3_4,65,75,0.228,1.3666901274189918
Craw3_5,35,45,0.596,1.1534987475328333
Craw3_5,45,55,0.537,1.1592345484846063
Craw3_5,55,57.5,0.45,1.3158687047156017
Craw3_5,57.5,60,0.452,1.3594768525640752
Craw3_5,60,62.5,0.421,1.1630072465066357
Craw3_5,62.5,65,0.419,1.1864611628032258
Craw3_5,65,75,0.387,1.3066579054893661
Craw3_6,35,45,0.44,1.3278199187540165
Craw3_6,45,55,0.509,1.2851817002719657
Craw3_6,55,57.5,0.325,1.2996964703400489
Craw3_6,57.5,60,0.309,1.390401480817776
Craw3_6,60,62.5,0.301,1.4304370645829192
Craw3_6,62.5,65,0.291,1.1985287945895453
Craw3_6,65,75,0.376,1.2727865376874092
Craw3_7,35,45,0.341,1.2340540671799936
Craw3_7,45,55,0.303,1.2526356371445875
Craw3_7,55,57.5,0.3,1.4565141806163782
Craw3_7,57.5,60,0.312,1.2517113398724904
Craw3_7,60,62.5,0.224,1.416609881759027
Craw3_7,62.5,65,0.238,1.4575101921398321
Craw3_7,65,75,0.152,1.320930065796889
Craw3_8,35,45,1.129,1.2206331712278735
Craw3_8,45,55,1.074,1.2906780448227648
Craw3_8,55,57.5,1.033,1.0743127772573984
Craw3_8,57.5,60,0.884,1.2671359411658223
Craw3_8,60,62.5,0.722,1.1912530104590286
Craw3_8,62.5,65,0.637,1.3033931179908402
Craw3_8,65,75,0.544,1.2701592089429086
Craw3_9,35,45,0.317,1.316486420785136
Craw3_9,45,55,0.255,1.3658736538417104
Craw3_9,55,57.5,0.259,1.5072972050695466
Craw3_9,57.5,60,0.249,1.3319008429891421
Craw3_9,60,62.5,0.237,1.3886679825426678
Craw3_9,62.5,65,0.228,1.1961891861417728
Craw3_9,65,75,0.14,1.3196511453502227
Craw3_10,35,45,0.772,1.2393757337149842
Craw3_10,45,55,0.714,1.172870564386539
Craw3_10,55,57.5,0.524,1.2045568288118997
Craw3_10,57.5,60,0.479,1.2380226418382623
Craw3_10,60,62.5,0.449,1.2779094119906322
Craw3_10,62.5,65,0.438,1.214172169997808
Craw3_10,65,75,0.365,1.1755786053722785
Craw3_11,15,25,0.966,1.472037370463034
Craw3_11,25,27.5,0.247,1.4700691177804968
Craw3_11,27.5,30,0.232,1.6161137265857362
Craw3_11,30,32.5,0.234,1.5121080974782959
Craw3_11,32.5,35,0.434,1.2804846847426103
Craw3_11,35,45,0.532,1.0838649631241024
Craw3_11,45,55,0.429,1.1793072402218865
Craw3_11,55,57.5,0.357,1.403418677158394
Craw3_11,57.5,60,0.317,1.8020207740067222
Craw3_11,60,62.5,0.278,1.5757114149586025
Craw3_11,62.5,65,0.258,1.2310063551165324
Craw3_11,65,75,0.211,1.4446804757754521
Craw3_12,0,15,1.316,1.2554521201759452
Craw3_12,15,25,0.94,1.4236491756358953
Craw3_12,25,27.5,0.933,1.2441811792743713
Craw3_12,27.5,30,0.973,1.5368370452882965
Craw3_12,30,32.5,0.999,1.6881436891973465
Craw3_12,32.5,35,0.757,1.496582597107095
Craw3_12,35,45,1.707,1.2229308857207994
Craw3_12,45,55,0.365,1.405438549118428
Craw3_12,55,57.5,0.252,1.3631468452273001
Craw3_12,57.5,60,0.22,1.6495428225486795
Craw3_12,60,62.5,0.233,1.3472065938218207
Craw3_12,62.5,65,0.223,1.6234622865565143
Craw3_12,65,75,0.192,1.4918910033715116
Sali1_1,0,15,1.452,1.118315844280481
Sali1_1,27.5,30,0.186,1.6297079132946055
Sali1_1,30,32.5,0.154,1.6031433526919328
Sali1_1,32.5,35,0.129,1.392394606957768
Sali1_1,35,45,0.134,1.4920920442064574
Sali1_1,45,55,0.112,1.255254038007469
Sali1_1,55,57.5,0.129,1.6586865810528217
Sali1_1,57.5,60,0.133,1.6717432285727418
Sali1_1,60,62.5,0.125,1.6503832166272367
Sali1_1,62.5,65,0.171,1.5399792925649674
Sali1_1,65,75,0.086,1.5654768387908797
Sali1_2,0,15,1.392,1.0565209730899703
Sali1_2,15,25,0.533,1.2783734170332453
Sali1_2,25,27.5,0.44,1.5321063750042383
Sali1_2,27.5,30,0.386,1.264913601159769
Sali1_2,30,32.5,0.358,1.5086897661776082
Sali1_2,32.5,35,0.341,1.3847354310324294
Sali1_2,35,45,0.317,1.3187565995812722
Sali1_2,45,55,0.27,1.2956843050224354
Sali1_2,55,57.5,0.288,1.5214590767170406
Sali1_2,57.5,60,0.249,1.364731264389016
Sali1_2,60,62.5,0.251,1.3212208429453263
Sali1_2,62.5,65,0.253,1.4489381750634405
Sali1_2,65,75,0.283,1.4865781744729396
Sali1_3,0,15,1.597,1.1549323090319579
Sali1_3,25,27.5,0.259,1.4872374613269854
Sali1_3,27.5,30,0.221,1.4609264200435246
Sali1_3,30,32.5,0.164,1.6953050330944268
Sali1_3,32.5,35,0.168,1.4093462711945661
Sali1_3,35,45,0.133,1.4262836833660573
Sali1_3,45,55,0.13,1.46850068998919
Sali1_3,55,57.5,0.117,1.5839728644418094
Sali1_3,57.5,60,0.114,1.5405472510646603
Sali1_3,60,62.5,0.115,1.5768991742936933
Sali1_3,62.5,65,0.115,1.6494478707725186
Sali1_3,65,75,0.133,1.4555353585946758
Sali1_4,0,15,1.553,1.2072722624995775
Sali1_4,15,25,0.433,1.2146054168369893
Sali1_4,25,27.5,0.304,1.3374121795433382
Sali1_4,27.5,30,0.242,1.4723834139516638
Sali1_4,30,32.5,0.32,1.3688539256772103
Sali1_4,32.5,35,0.264,1.3980620733679632
Sali1_4,35,45,0.236,1.3674985912139719
Sali1_4,45,55,0.198,1.376716814621286
Sali1_4,55,57.5,0.202,1.8173769957174808
Sali1_4,57.5,60,0.155,1.496024614020837
Sali1_4,60,62.5,0.143,1.657332115788017
Sali1_4,62.5,65,0.152,1.438472767060718
Sali1_4,65,75,0.121,1.5067841595750837
Sali1_5,0,15,2.044,1.0568457664295976
Sali1_5,15,25,0.983,1.2203392720113864
Sali1_5,25,27.5,0.563,1.2695764085842798
Sali1_5,27.5,30,0.496,1.2657944934560745
Sali1_5,30,32.5,0.41,1.547482576478577
Sali1_5,32.5,35,0.443,1.3379193153384015
Sali1_5,35,45,0.323,1.3147910384810075
Sali1_5,45,55,0.27,1.4083213928079987
Sali1_5,55,57.5,0.255,1.4485059256420558
Sali1_5,57.5,60,0.257,1.4825268959557796
Sali1_5,60,62.5,0.221,1.5888922701942356
Sali1_5,62.5,65,0.228,1.5744671318152188
Sali1_5,65,75,0.222,1.484942177628495
Sali1_6,0,15,1.819,1.1261401941434614
Sali1_6,45,55,0.261,1.302169218672575
Sali1_6,55,57.5,0.277,1.394437349229749
Sali1_6,57.5,60,0.26,1.5407783091812604
Sali1_6,60,62.5,0.246,1.5312779305636888
Sali1_6,62.5,65,0.243,1.4907578912728419
Sali1_6,65,75,0.236,1.4458405257874645
Sali1_7,0,15,1.769,1.0952497807113872
Sali1_7,15,25,0.486,1.2230100717538088
Sali1_7,25,27.5,0.43,1.2454825245059573
Sali1_7,27.5,30,0.388,1.4325706481094058
Sali1_7,30,32.5,0.322,1.372077785318225
Sali1_7,32.5,35,0.286,1.3470604608210053
Sali1_7,35,45,0.204,1.299646455903923
Sali1_7,45,55,0.217,1.315908853445089
Sali1_7,55,57.5,0.174,1.38261123615619
Sali1_7,57.5,60,0.183,1.4631637039484577
Sali1_7,60,62.5,0.173,1.368702156818572
Sali1_7,62.5,65,0.154,1.4925395532987906
Sali1_7,65,75,0.13,1.3725401444476613
Sali1_8,0,15,2.062,1.1453298961002603
Sali1_8,30,32.5,0.195,1.5213367558428939
Sali1_8,32.5,35,0.226,1.3423085219864883
Sali1_8,35,45,0.162,1.3123567001229182
Sali1_8,45,55,0.129,1.3560964940396651
Sali1_8,55,57.5,0.134,1.3519731814270821
Sali1_8,57.5,60,0.144,1.5944496745584247
Sali1_8,60,62.5,0.111,1.5912010786528548
Sali1_8,62.5,65,0.108,1.3874360734730946
Sali1_8,65,75,0.105,1.397048948672311
Sali1_9,0,15,1.978,1.1889803847434308
Sali1_9,25,27.5,0.586,1.5179814885138536
Sali1_9,27.5,30,0.429,1.4058179624702882
Sali1_9,30,32.5,0.283,1.4631264835260873
Sali1_9,32.5,35,0.233,1.334365738025625
Sali1_9,35,45,0.196,1.4350774588730435
Sali1_9,45,55,0.199,1.413498948741483
Sali1_9,55,57.5,0.257,1.4285526018285641
Sali1_9,57.5,60,0.239,1.541852600897176
Sali1_9,60,62.5,0.207,1.6327391536632678
Sali1_9,62.5,65,0.258,1.630057843699081
Sali1_9,65,75,0.15,1.3150732633317594
Sali1_10,0,15,2.22,1.0554545709035525
Sali1_10,25,27.5,0.391,1.261869696374251
Sali1_10,27.5,30,0.334,1.4857696551493997
Sali1_10,30,32.5,0.305,1.3928694565854849
Sali1_10,32.5,35,0.274,1.48059569916346
Sali1_10,35,45,0.257,1.352646023367045
Sali1_10,45,55,0.201,1.4192973987945012
Sali1_10,55,57.5,0.183,1.559437316826648
Sali1_10,57.5,60,0.174,1.5869620971547431
Sali1_10,60,62.5,0.152,1.617678463518296
Sali1_10,62.5,65,0.15,1.6019649621291894
Sali1_10,65,75,0.117,1.3642522730752311
Sali1_11,0,15,1.637,1.1492725414508287
Sali1_11,15,25,0.609,1.1974421660226833
Sali1_11,25,27.5,0.293,1.4515529511961136
Sali1_11,27.5,30,0.285,1.3921416550832837
Sali1_11,30,32.5,0.303,1.4376222383498938
Sali1_11,32.5,35,0.289,1.4190884182843237
Sali1_11,35,45,0.216,1.3325217593453027
Sali1_11,45,55,0.183,1.3333557308843966
Sali1_11,55,57.5,0.196,1.3022565240917614
Sali1_11,57.5,60,0.165,1.4884391562901662
Sali1_11,60,62.5,0.136,1.3231287208545301
Sali1_11,62.5,65,0.128,1.4258248308612878
Sali1_11,65,75,0.147,1.2933940628868912
Sali1_12,0,15,1.655,1.053006237551024
Sali1_12,15,25,0.735,1.1612789032026756
Sali1_12,25,27.5,0.464,1.3899815852394888
Sali1_12,30,32.5,0.336,1.3268575237965448
Sali1_12,32.5,35,0.331,1.3986753920908102
Sali1_12,45,55,0.227,1.3472277174317306
Sali1_12,55,57.5,0.199,1.6006079429958378
Sali1_12,57.5,60,0.163,1.4606178794174027
Sali1_12,60,62.5,0.138,1.3967774636007613
Sali1_12,62.5,65,0.166,1.7081970844675207
Sali1_12,65,75,0.148,1.3315266724811494
Chri10_1,0,15,3.009,1.040294270143434
Chri10_1,15,25,2.297,1.227976483579041
Chri10_1,25,27.5,2.318,1.2342535248538542
Chri10_1,27.5,30,2.282,1.316156320577003
Chri10_1,30,32.5,2.12,1.1924179398483417
Chri10_1,32.5,35,1.903,1.297205184079387
Chri10_1,35,45,1.437,1.203544823731888
Chri10_1,45,55,0.982,1.2615695556788176
Chri10_1,55,57.5,0.811,1.4518607318039374
Chri10_1,57.5,60,0.68,1.1794280318018449
Chri10_1,60,62.5,0.665,1.4365184700699611
Chri10_1,62.5,65,0.528,1.5676257407181071
Chri10_2,0,15,2.374,1.0699510476248675
Chri10_2,15,25,2.044,1.254950276828024
Chri10_2,25,27.5,1.722,1.5326770695244585
Chri10_2,27.5,30,1.611,1.3043941684256153
Chri10_2,30,32.5,1.443,1.3092795896997738
Chri10_2,32.5,35,1.335,1.28158198899893
Chri10_2,35,45,1.026,1.2435575375759633
Chri10_2,45,55,0.654,1.3974597280076297
Chri10_2,55,57.5,0.519,1.3872470466036677
Chri10_2,57.5,60,0.44,1.3175444378404997
Chri10_2,60,62.5,0.426,1.4539449374712372
Chri10_2,62.5,65,0.373,1.7277492093692206
Chri10_3,0,15,2.344,1.0908054881012368
Chri10_3,15,25,1.825,1.2506884999520662
Chri10_3,25,27.5,1.57,1.256225261562662
Chri10_3,27.5,30,1.444,1.151458036168362
Chri10_3,30,32.5,1.314,1.3149802238610084
Chri10_3,32.5,35,1.211,1.328237794812078
Chri10_3,35,45,0.947,1.2425252844017132
Chri10_3,45,55,0.71,1.2072334073458066
Chri10_3,55,57.5,0.595,1.2686215576724837
Chri10_4,0,15,2.116,1.2573916527780034
Chri10_4,15,25,1.307,1.2165895366453565
Chri10_4,25,27.5,1.181,1.4310494295756897
Chri10_4,27.5,30,1.065,1.2047428742307318
Chri10_4,30,32.5,1.049,1.4052138703418422
Chri10_4,32.5,35,0.964,1.6434529986128688
Chri10_5,0,15,1.53,1.1901710311460802
Chri10_5,15,25,1.58,1.3164025596046451
Chri10_5,25,27.5,1.804,1.393303800050101
Chri10_5,27.5,30,1.881,1.5428053206939363
Chri10_5,30,32.5,1.942,1.2868274005535485
Chri10_5,32.5,35,2.356,1.4220669437717846
Chri10_5,35,45,2.463,1.2459543773536559
Chri10_5,45,55,2.223,1.235489570629895
Chri10_5,55,57.5,1.972,1.4439339441663503
Chri10_5,57.5,60,1.763,1.412083021840471
Chri10_5,60,62.5,1.609,1.3776538032570405
Chri10_5,62.5,65,1.585,1.5121700589683762
Chri10_5,65,75,1.24,1.3882463944254415
Chri10_6,0,15,1.808,1.3403175056374117
Chri10_6,15,25,1.867,1.3922314657144348
Chri10_6,25,27.5,1.768,1.533635257451653
Chri10_6,27.5,30,1.652,1.568487754808729
Chri10_6,30,32.5,1.412,1.732821833268495
Chri10_6,32.5,35,1.258,1.5275690763431848
Chri10_6,35,45,1.013,1.4769314382055898
Chri10_6,45,55,0.706,1.367489180779494
Chri10_6,55,57.5,0.592,0.7821484493617541
Chri10_6,57.5,60,0.643,1.5415810428265502
Chri10_7,0,15,2.438,1.0395639503016088
Chri10_7,15,25,2.014,1.1629814452392948
Chri10_7,25,27.5,1.734,1.2669371979876127
Chri10_7,27.5,30,1.54,1.3294485771831746
Chri10_7,30,32.5,1.46,1.2515559410397306
Chri10_7,32.5,35,1.331,1.3788897532686513
Chri10_7,35,45,1.108,1.277877624769029
Chri10_7,45,55,0.72,1.3880575232914694
Chri10_7,55,57.5,0.631,1.409686918833176
Chri10_7,57.5,60,0.556,1.6748180779161337
Chri10_7,60,62.5,0.509,1.4733739229247096
Chri10_7,62.5,65,0.428,1.3964506386464792
Chri10_8,0,15,1.851,1.0714733395150524
Chri10_8,15,25,1.181,1.1798936227738104
Chri10_8,25,27.5,0.933,1.5545089379023496
Chri10_8,27.5,30,0.873,1.15643685920534
Chri10_8,30,32.5,0.799,1.3347359929821925
Chri10_8,32.5,35,0.705,1.3792304101217905
Chri10_8,35,45,0.553,1.1443812071008144
Chri10_9,0,15,2.522,1.0211354905259218
Chri10_9,15,25,2.036,1.1846915218513079
Chri10_9,25,27.5,1.66,1.1872893941287739
Chri10_9,27.5,30,1.532,1.2701301681882278
Chri10_9,30,32.5,1.38,1.2041412350873293
Chri10_9,32.5,35,1.237,1.3690403538071119
Chri10_9,35,45,0.992,1.2093301706777182
Chri10_9,45,55,0.676,1.2513721816863794
Chri10_9,57.5,60,0.424,1.2041648762892285
Chri10_10,0,15,1.598,1.254185138817677
Chri10_10,15,25,1.274,1.3277284052381484
Chri10_10,25,27.5,1.052,1.1685687708540418
Chri10_10,27.5,30,0.974,1.6447221724992285
Chri10_10,30,32.5,0.944,1.2465881965214414
Chri10_10,32.5,35,0.831,1.1988097678606322
Chri10_10,35,45,0.748,1.1660488931136053
Chri10_10,45,55,0.585,1.172778478281632
Chri10_10,55,57.5,0.523,1.0289485203203257
Chri10_10,57.5,60,0.509,1.192866373492583
Chri10_11,0,15,1.743,1.0624293204838209
Chri10_11,15,25,1.328,1.1860728849222117
Chri10_11,25,27.5,1.218,1.2985402771953571
Chri10_11,27.5,30,1.067,1.6159966229572402
Chri10_11,30,32.5,0.906,1.1402185267589768
Chri10_11,32.5,35,0.823,1.1569220935829072
Chri10_11,35,45,0.7,1.2044157855602888
Chri10_12,0,15,2.023,1.1301824762151442
Chri10_12,15,25,1.576,1.3507460988662898
Chri10_12,25,27.5,1.136,1.4228785700870596
Chri10_12,27.5,30,1.073,1.2929119854507143
Chri10_12,30,32.5,0.955,1.450501737463907
Chri10_12,32.5,35,0.9,1.2001931600074998
Chri10_12,35,45,0.716,1.2403166233444225
Chri10_12,45,55,0.531,1.2787404620939113
Chri10_12,55,57.5,0.465,1.3790006481618886
Merc2_1,0,15,2.129,1.0677863037745234
Merc2_1,15,25,1.795,1.1675167850951387
Merc2_1,25,27.5,1.457,1.2639495088137422
Merc2_1,27.5,30,1.341,1.1323698981354033
Merc2_1,30,32.5,1.261,1.1792173041824214
Merc2_1,32.5,35,1.125,1.1351951603028732
Merc2_1,35,45,0.866,1.1702264631626642
Merc2_1,45,55,0.583,1.551668655507365
Merc2_1,55,57.5,0.438,1.1857347146957404
Merc2_1,57.5,60,0.407,1.1531543869412693
Merc2_1,60,62.5,0.375,1.2149140496516628
Merc2_1,62.5,65,0.347,1.1462471255217948
Merc2_1,65,75,0.335,1.2133692543316887
Merc2_2,0,15,2.076,1.1774508172037
Merc2_2,15,25,1.198,1.2387514977439245
Merc2_2,25,27.5,0.951,1.4146362134003516
Merc2_2,27.5,30,0.86,1.3222038908636304
Merc2_2,30,32.5,0.827,1.368329653880031
Merc2_2,32.5,35,0.763,1.268732346897739
Merc2_2,35,45,0.685,1.2490478634760476
Merc2_2,45,55,0.419,1.2220585548383005
Merc2_2,55,57.5,0.528,1.3262842530410028
Merc2_2,57.5,60,0.483,1.53202263532372
Merc2_2,60,62.5,0.438,1.2863773713452762
Merc2_2,62.5,65,0.448,1.3106035855122127
Merc2_2,65,75,0.329,1.2710667589011284
Merc2_3,0,15,2.451,1.196612634678838
Merc2_3,15,25,1.991,1.2846802661372196
Merc2_3,25,27.5,1.717,1.252971909267572
Merc2_3,27.5,30,1.655,1.2054126901787072
Merc2_3,30,32.5,1.527,1.2409743807801838
Merc2_3,32.5,35,1.347,1.2996585036393602
Merc2_3,35,45,1.052,1.1698148901521024
Merc2_3,45,55,0.69,1.1717253950825715
Merc2_3,55,57.5,0.493,1.2561933040647677
Merc2_3,57.5,60,0.466,1.318621117815135
Merc2_3,60,62.5,0.401,1.3821978624013915
Merc2_3,62.5,65,0.387,1.2257382521462212
Merc2_3,65,75,0.388,1.2407085482441331
Merc2_4,0,15,2.113,1.1062685054234016
Merc2_4,15,25,1.75,1.1866432795677764
Merc2_4,25,27.5,1.479,1.3311682659679025
Merc2_4,27.5,30,1.331,1.1557521842401661
Merc2_4,30,32.5,1.186,1.282970628199307
Merc2_4,32.5,35,1.082,1.2935879986061272
Merc2_4,35,45,0.872,1.1346186068241346
Merc2_4,45,55,0.602,1.1839729346311254
Merc2_4,55,57.5,0.5,1.2556855249197612
Merc2_4,57.5,60,0.49,1.4384210912318898
Merc2_4,60,62.5,0.469,1.2562159468536895
Merc2_4,62.5,65,0.474,1.3274482204721936
Merc2_4,65,75,0.355,1.2246588728488075
Merc2_5,0,15,2.806,1.1206129472572046
Merc2_5,15,25,2.088,1.2544108573023374
Merc2_5,25,27.5,2.125,1.370976309010166
Merc2_5,27.5,30,2.164,1.2732382261084876
Merc2_5,30,32.5,2.054,1.2404655756760308
Merc2_5,32.5,35,1.892,1.295327436753921
Merc2_5,35,45,1.464,1.1453410667067447
Merc2_5,45,55,1.019,1.1595987725463532
Merc2_5,55,57.5,0.792,1.2838480847098488
Merc2_5,57.5,60,0.701,1.3851156778268483
Merc2_5,60,62.5,0.589,1.3313996146001719
Merc2_5,62.5,65,0.503,1.3566752152518768
Merc2_5,65,75,0.465,1.2231938647784648
Merc2_6,0,15,2.565,1.09847914943101
Merc2_6,15,25,2.172,1.2021226971137793
Merc2_6,25,27.5,2.204,1.3050179201492138
Merc2_6,27.5,30,2.077,1.2950022792526117
Merc2_6,30,32.5,1.88,1.2337983576488805
Merc2_6,32.5,35,1.669,1.2294830765280045
Merc2_6,35,45,1.388,1.1072605725039488
Merc2_6,45,55,1.025,1.163187360652353
Merc2_6,55,57.5,0.807,1.1874197598607517
Merc2_6,57.5,60,0.77,1.2876955588499563
Merc2_6,60,62.5,0.627,1.2940636985061034
Merc2_6,62.5,65,0.596,1.2502848174986194
Merc2_6,65,75,0.469,1.1991636943148485
Merc2_7,0,15,2.022,1.1285100571465183
Merc2_7,15,25,1.585,1.2045731812924165
Merc2_7,25,27.5,1.453,1.3153673094530673
Merc2_7,27.5,30,1.374,1.3185780318734281
Merc2_7,30,32.5,1.272,1.2401681566991758
Merc2_7,32.5,35,1.179,1.2649791613554637
Merc2_7,35,45,0.952,1.1727140836506913
Merc2_7,45,55,0.702,1.1793352978537492
Merc2_7,55,57.5,0.533,1.3211283469796773
Merc2_7,57.5,60,0.508,1.4031365537269045
Merc2_7,60,62.5,0.458,1.3547121483503204
Merc2_7,62.5,65,0.445,1.3687832777172826
Merc2_7,65,75,0.366,1.194085445067791
Merc2_8,0,15,2.122,1.0419461839669253
Merc2_8,15,25,1.761,1.2678764393339113
Merc2_8,25,27.5,1.708,1.2970873416524562
Merc2_8,27.5,30,1.503,1.2230852580395823
Merc2_8,30,32.5,1.477,1.295810726050821
Merc2_8,32.5,35,1.309,1.2394303867780783
Merc2_8,35,45,1.103,1.1239011179244462
Merc2_8,45,55,0.86,1.2128976125545612
Merc2_8,55,57.5,0.672,1.174356724055355
Merc2_8,57.5,60,0.634,1.2825620623919511
Merc2_8,60,62.5,0.576,1.2367998417761377
Merc2_8,62.5,65,0.528,1.553238652888893
Merc2_8,65,75,0.417,1.2726030729794822
Merc2_9,0,15,2.147,1.1398807437822482
Merc2_9,15,25,1.978,1.195575647736974
Merc2_9,25,27.5,2.018,1.4033800762769053
Merc2_9,27.5,30,1.968,1.2940856114208088
Merc2_9,30,32.5,1.966,1.3854613961397588
Merc2_9,32.5,35,2.299,1.2557570369605338
Merc2_9,35,45,2.272,1.2026538936948283
Merc2_9,45,55,1.8,1.2241873135743566
Merc2_9,55,57.5,1.713,1.4153593588647928
Merc2_9,57.5,60,1.643,1.3693072585308015
Merc2_9,60,62.5,1.584,1.4049131126600278
Merc2_9,62.5,65,1.586,1.3381716376076485
Merc2_9,65,75,1.396,1.2959221179741383
Merc2_10,0,15,1.886,1.1938660257018459
Merc2_10,15,25,1.607,1.2719277783292284
Merc2_10,25,27.5,1.8,1.3811236224391463
Merc2_10,27.5,30,1.778,1.2471885982823836
Merc2_10,30,32.5,1.628,1.354809402059252
Merc2_10,32.5,35,1.438,1.4165641799094908
Merc2_10,35,45,1.256,1.1468414499180815
Merc2_10,45,55,0.963,1.1133048592776245
Merc2_10,55,57.5,0.738,1.254277798377387
Merc2_10,57.5,60,0.72,1.1265530790332816
Merc2_10,60,62.5,0.64,1.1993606342789191
Merc2_10,62.5,65,0.591,1.2308092113356066
Merc2_10,65,75,0.486,1.1285645775556228
Merc2_11,0,15,2.252,1.1474789061736823
Merc2_11,15,25,1.773,1.1346467874775452
Merc2_11,25,27.5,1.347,1.3070847040670508
Merc2_11,27.5,30,1.263,1.3863109579648536
Merc2_11,30,32.5,1.188,1.2610891452368294
Merc2_11,32.5,35,1.119,1.298537510098321
Merc2_11,35,45,0.845,1.1372740516329949
Merc2_11,45,55,0.592,1.1993630974035538
Merc2_11,55,57.5,0.477,1.3912950533899295
Merc2_11,57.5,60,0.417,1.3647344279841942
Merc2_11,60,62.5,0.398,1.4520742120473207
Merc2_11,62.5,65,0.402,1.2947215915835897
Merc2_11,65,75,0.396,1.186489224594342
Merc2_12,0,15,2.403,1.120868935885549
Merc2_12,15,25,2.178,1.247945447815864
Merc2_12,25,27.5,1.945,1.2304336490366607
Merc2_12,27.5,30,1.399,1.2792999529329323
Merc2_12,30,32.5,1.401,1.295872452982883
Merc2_12,32.5,35,1.481,1.3569992179709662
Merc2_12,35,45,1.128,1.1315860924567396
Merc2_12,45,55,0.74,1.209128541013192
Merc2_12,55,57.5,0.531,1.1585789452378163
Merc2_12,57.5,60,0.506,1.2776247510165888
Merc2_12,60,62.5,0.45,1.1998276830713905
Merc2_12,62.5,65,0.414,1.239871872358242
Merc2_12,65,75,0.351,1.218003389661598
Ogle5_1,0,15,1.516,1.082495800790842
Ogle5_1,15,25,1.323,1.16752658297373
Ogle5_1,25,27.5,1.262,1.4185117764123552
Ogle5_1,27.5,30,1.205,1.4050803369930318
Ogle5_1,30,32.5,1.07,1.4072786620631008
Ogle5_1,32.5,35,0.635,1.275337134903312
Ogle5_1,35,45,0.441,1.2235552402738126
Ogle5_1,45,55,0.296,1.2060184389703406
Ogle5_1,55,57.5,0.27,1.2992851854056455
Ogle5_1,57.5,60,0.252,1.3796060939215784
Ogle5_1,60,62.5,0.278,1.387718068580253
Ogle5_1,62.5,65,0.26,1.4104193530440177
Ogle5_1,65,75,0.259,1.342702723049336
Ogle5_2,0,15,2.198,1.0243775893125089
Ogle5_2,15,25,2.326,1.1059880760153922
Ogle5_2,25,27.5,2.161,1.1842692671601633
Ogle5_2,27.5,30,1.374,1.2182344732878179
Ogle5_2,30,32.5,0.898,1.263304523633582
Ogle5_2,32.5,35,0.759,1.1104016773403138
Ogle5_2,35,45,0.59,1.1704768393835703
Ogle5_2,45,55,0.439,1.2040778806817531
Ogle5_2,55,57.5,0.372,1.374499144891994
Ogle5_2,57.5,60,0.346,1.4101015724357069
Ogle5_2,60,62.5,0.341,1.3931417331875453
Ogle5_2,62.5,65,0.328,1.2709086849848699
Ogle5_2,65,75,0.264,1.3480534324277251
Ogle5_3,0,15,2.434,0.9130000295964085
Ogle5_3,15,25,2.493,1.1135045442658686
Ogle5_3,25,27.5,1.784,1.2861226523909703
Ogle5_3,27.5,30,0.958,1.4323880715826274
Ogle5_3,30,32.5,0.773,1.4538515901803286
Ogle5_3,32.5,35,0.664,1.3373517472997045
Ogle5_3,35,45,0.502,1.2507444769291896
Ogle5_3,45,55,0.337,1.3259744170980698
Ogle5_3,55,57.5,0.289,1.460728847924345
Ogle5_3,57.5,60,0.27,1.3523570308964514
Ogle5_3,60,62.5,0.255,1.5871692747212482
Ogle5_3,62.5,65,0.27,1.3880225069701755
Ogle5_3,65,75,0.242,1.3953820669235648
Ogle5_4,0,15,1.386,1.130383992084678
Ogle5_4,15,25,1.393,1.2798122789955402
Ogle5_4,25,27.5,0.547,1.3052344538896383
Ogle5_4,27.5,30,0.509,1.3443025241664641
Ogle5_4,30,32.5,0.46,1.210312500823433
Ogle5_4,32.5,35,0.415,1.3884070798929165
Ogle5_4,35,45,0.347,1.2666165368281668
Ogle5_4,45,55,0.333,1.2688507478911357
Ogle5_4,55,57.5,0.298,1.447667230121924
Ogle5_4,57.5,60,0.231,1.545110113981669
Ogle5_4,60,62.5,0.207,1.5590169329095354
Ogle5_4,62.5,65,0.24,1.4863400891862584
Ogle5_4,65,75,0.209,1.5373687460637744
Ogle5_5,0,15,2.068,1.050797258606969
Ogle5_5,15,25,1.935,1.126505444390481
Ogle5_5,25,27.5,1.552,1.3702871714399887
Ogle5_5,27.5,30,1.242,1.4425341844839217
Ogle5_5,30,32.5,0.927,1.300471822824881
Ogle5_5,32.5,35,0.625,1.333574292571466
Ogle5_5,35,45,0.343,1.2977934195987528
Ogle5_5,45,55,0.278,1.3045503800834815
Ogle5_5,55,57.5,0.292,1.3383091449325786
Ogle5_5,57.5,60,0.249,1.382597674665771
Ogle5_5,60,62.5,0.255,1.3996310763097564
Ogle5_5,62.5,65,0.246,1.4689509888433474
Ogle5_5,65,75,0.214,1.369317196038395
Ogle5_6,0,15,1.609,1.0685508498854828
Ogle5_6,25,27.5,1.553,1.3711634710530414
Ogle5_6,27.5,30,1.563,1.346879196968192
Ogle5_6,30,32.5,1.532,1.4728421987438793
Ogle5_6,32.5,35,1.03,1.3099288191451022
Ogle5_6,35,45,0.566,1.191557221839168
Ogle5_6,45,55,0.457,1.2356916207740547
Ogle5_6,55,57.5,0.363,1.403546893548897
Ogle5_6,57.5,60,0.33,1.240659516360478
Ogle5_6,60,62.5,0.329,1.4465197856348675
Ogle5_6,62.5,65,0.314,1.5080908092650143
Ogle5_6,65,75,0.278,1.3684017567945528
Ogle5_7,0,15,1.997,1.0768748210167338
Ogle5_7,15,25,2.081,1.1603359263938502
Ogle5_7,25,27.5,2.088,1.4603828982810754
Ogle5_7,27.5,30,1.943,1.2292663662189713
Ogle5_7,30,32.5,1.911,1.5029965620820684
Ogle5_7,32.5,35,1.667,1.3174696693759012
Ogle5_7,35,45,0.931,1.2752216823264617
Ogle5_7,45,55,0.772,1.2627500108178844
Ogle5_7,55,57.5,0.662,1.5066895936584843
Ogle5_7,57.5,60,0.597,1.3048841505446875
Ogle5_7,60,62.5,0.532,1.4260494832442354
Ogle5_7,62.5,65,0.555,1.4594650443467787
Ogle5_7,65,75,0.413,1.3944087286209133
Ogle5_8,0,15,1.998,1.0221273613508848
Ogle5_8,30,32.5,1.536,1.6248410647246003
Ogle5_8,32.5,35,1.684,1.2590967689874324
Ogle5_8,35,45,0.73,1.2457526297920027
Ogle5_8,45,55,0.439,1.3298375729432297
Ogle5_8,55,57.5,0.412,1.2635807713292895
Ogle5_8,57.5,60,0.411,1.347227026513592
Ogle5_8,60,62.5,0.387,1.4552889124694497
Ogle5_8,62.5,65,0.374,1.418262097345004
Ogle5_9,15,25,1.754,1.165350276095886
Ogle5_9,25,27.5,2.088,1.1928571650925592
Ogle5_9,27.5,30,1.882,1.2916931389938737
Ogle5_9,30,32.5,1.869,1.3653336451087181
Ogle5_9,32.5,35,1.754,1.41083081128855
Ogle5_9,35,45,0.854,1.2007952095452088
Ogle5_9,45,55,0.472,1.2215733216332294
Ogle5_9,55,57.5,0.354,1.5004475998573397
Ogle5_9,57.5,60,0.356,1.3310195214542475
Ogle5_9,60,62.5,0.325,1.4074210940446208
Ogle5_9,62.5,65,0.317,1.319767474690057
Ogle5_9,65,75,0.282,1.2982228222386514
Ogle5_10,15,25,1.242,1.2466180641919902
Ogle5_10,25,27.5,1.082,1.4723028865586554
Ogle5_10,27.5,30,1.247,1.4584126205981796
Ogle5_10,30,32.5,1.223,1.374639327825086
Ogle5_10,32.5,35,1.081,1.5506381289329483
Ogle5_10,35,45,0.858,1.3100594370767187
Ogle5_10,45,55,0.353,1.300123908722339
Ogle5_10,55,57.5,0.314,1.423398613311367
Ogle5_10,57.5,60,0.306,1.4703367024866005
Ogle5_10,60,62.5,0.284,1.3725079615629325
Ogle5_10,62.5,65,0.27,1.4692623297085208
Ogle5_10,65,75,0.244,1.3755673076111832
Ogle5_11,25,27.5,1.119,1.2865779205005967
Ogle5_11,27.5,30,1.108,1.3845231241328948
Ogle5_11,30,32.5,1.018,1.6065638760992789
Ogle5_11,32.5,35,0.407,1.2991010855165894
Ogle5_11,35,45,0.342,1.2050263369712808
Ogle5_11,45,55,0.268,1.2967550655807358
Ogle5_11,55,57.5,0.237,1.3954008285340034
Ogle5_11,57.5,60,0.247,1.4350935688024438
Ogle5_11,60,62.5,0.227,1.356825152936503
Ogle5_11,62.5,65,0.227,1.4651248084413235
Ogle5_12,0,15,1.926,1.1580268576023494
Ogle5_12,15,25,1.461,1.217414742726414
Ogle5_12,25,27.5,0.677,1.2891468182311758
Ogle5_12,27.5,30,0.596,1.3024643962408584
Ogle5_12,30,32.5,0.508,1.3171600576127818
Ogle5_12,32.5,35,0.485,1.354884617553277
Ogle5_12,35,45,0.407,1.1975216614683253
Ogle5_12,45,55,0.346,0.9271613838616178
Ogle5_12,55,57.5,0.321,1.5346431893372792
Ogle5_12,57.5,60,0.313,1.3912133471725783
Ogle5_12,60,62.5,0.293,1.3676821666936805
Ogle5_12,62.5,65,0.282,1.5238729941190936
Craw3_11,0,15,1.48,1.2384003790771267
Boon1_7,57.5,60,0.32,1.4172734529032194
Boon1_7,60,62.5,0.26,1.342996467179166
Boon1_7,62.5,65,0.3,1.5289972634609867
Boon1_7,65,75,0.22,1.3938390081384011
Boon1_8,65,75,0.26,1.3857985307411802
Boon1_9,45,55,0.34,1.3266073067549016
Boon1_9,55,57.5,0.33,1.3697859869626716
Boon1_9,57.5,60,0.39,1.5926498445601396
Boon1_9,60,62.5,0.3,1.6318935282931653
Boon1_9,62.5,65,0.18,1.7128246324385301
Boon1_9,65,75,0.17,1.550227319664561
Boon1_10,45,55,0.35,1.5039473139758142
Boon1_10,55,57.5,0.28,1.5832123915429497
Boon1_10,57.5,60,0.26,1.4957902619686645
Boon1_10,60,62.5,0.27,1.8289026015208054
Boon1_10,62.5,65,0.2,1.51058845933229
Boon1_10,65,75,0.24,1.6818771482536006
Boon1_11,0,15,1.28,1.0653322530051257
Boon2_9,0,15,1.16,1.1786391243105878
Boon2_10,0,15,1.09,1.1979068908382025
Boon2_10,15,25,0.79,1.371414414367463
Boon2_10,25,27.5,0.48,1.522951763661959
Boon2_10,27.5,30,0.51,1.389502273470393
Boon2_10,30,32.5,0.48,1.3860491174060472
Boon2_10,55,57.5,0.5,1.522290985905677
Boon2_10,57.5,60,0.58,1.4376716556105489
Boon2_10,60,62.5,0.41,1.2989168929753505
Boon2_10,65,75,0.34,1.297815051526829
Boon2_11,45,55,0.5,1.3581664449508128
Boon2_11,55,57.5,0.42,1.321755934219396
Boon2_11,57.5,60,0.38,1.2959028476036027
Boon2_11,60,62.5,0.26,1.509759655252698
Boon2_11,62.5,65,0.22,1.4099883950252168
Boon2_11,65,75,0.21,1.2037695055585642
Boon2_12,65,75,0.19,1.7554336267951776
Sali1_1,15,25,0.45,1.301649254629347
Sali1_1,25,27.5,0.44,1.1255258857590167
Sali1_3,15,25,0.57,1.2636884868004756
Sali1_6,15,25,0.81,1.148940012786513
Sali1_6,25,27.5,0.63,1.4924523364796087
Sali1_6,27.5,30,0.83,1.2880919640253978
Sali1_6,30,32.5,0.56,1.3727610104206607
Sali1_6,32.5,35,0.57,1.3902641805772964
Sali1_6,35,45,0.43,1.3666010716968073
Sali1_8,15,25,0.59,1.3082668181549257
Sali1_8,25,27.5,0.38,1.343385601396162
Sali1_8,27.5,30,0.33,1.4966333228422088
Sali1_9,15,25,0.76,1.4123323645388024
Sali1_10,15,25,0.7,1.3155522528379775
Sali1_12,27.5,30,0.46,1.4297584221444648
Sali1_12,35,45,0.42,1.2749770040408746
Chri10_1,65,75,0.58,1.282989679542273
Chri10_3,57.5,60,0.66,1.2872278513982618
Chri10_3,60,62.5,0.61,1.2719401580222156
Chri10_3,62.5,65,0.58,0.9795949032864665
Chri10_3,65,75,0.54,1.3789414339691932
Chri10_4,35,45,0.99,1.2291410216393162
Chri10_4,45,55,0.59,1.3780703347227587
Chri10_4,55,57.5,0.44,1.3013259022060064
Chri10_4,57.5,60,0.45,1.7247684275180502
Chri10_4,60,62.5,0.38,1.4429945010519434
Chri10_4,62.5,65,0.2132000000000005,1.6528115076074208
Chri10_4,65,75,0.29,1.4143361275240631
Chri10_7,65,75,0.57,1.415357094307935
Chri10_8,45,55,0.57,1.2937134357526532
Chri10_8,55,57.5,0.46,1.4942301434027936
Chri10_8,57.5,60,0.42,1.6049751932376262
Chri10_8,60,62.5,0.35,1.2965814675227492
Chri10_8,62.5,65,0.35,1.5448484731950352
Chri10_8,65,75,0.34,1.4811383183815294
Chri10_9,55,57.5,0.64,1.4811701444066832
Chri10_9,60,62.5,0.49,1.3019968840338172
Chri10_9,62.5,65,0.48,1.554928369633167
Chri10_9,65,75,0.39,2.017777418644482
Chri10_10,60,62.5,0.69,1.3733833193124922
Chri10_10,62.5,65,0.77,1.1486686585253354
Chri10_10,65,75,0.52,1.3546491571955992
Chri10_11,45,55,0.79,1.189337322885822
Chri10_11,55,57.5,0.6,1.2494160291657126
Chri10_11,57.5,60,0.54,1.2892649942139551
Chri10_11,60,62.5,0.58,1.2940127545808788
Chri10_11,62.5,65,0.51,1.399343448137931
Chri10_11,65,75,0.45,1.4332762295605768
Chri10_12,57.5,60,0.6,1.3113606763462085
Chri10_12,60,62.5,0.61,0.9629439565227201
Chri10_12,62.5,65,0.69,1.1973404303737365
Chri10_12,65,75,0.51,1.2861459288662211
Ogle5_6,15,25,1.85,1.149345328956918
Ogle5_8,15,25,2.35,1.196846042931718
Ogle5_8,25,27.5,2.31,1.3509118520436758
Ogle5_8,27.5,30,2.16,1.3012380652955484
Ogle5_8,65,75,0.41,1.3407998737381073
Ogle5_9,0,15,2.33,1.0878916011403665
Ogle5_10,0,15,1.32,1.1854094645014595
Ogle5_11,0,15,1.48,1.191099250864227
Ogle5_11,15,25,1.49,1.1640680130053924
Ogle5_11,65,75,0.3,1.3668050460855947
Ogle5_12,65,75,0.32,1.3931216294447522
